ID,Time,Name,Company,Phone,Reason,Status
1,2026-06-10 15:27:24,John Smith,ABC Plumbing,5551234567,Sewer estimate,Open
2,2026-06-10 15:27:59,John Smith,ABC Plumbing,5551234567,Water estimate,Open
3,2026-06-12 11:47:31,Bob Builder,123 Building,1234567890,Repair,Open
4,2026-06-12 11:54:21,Joe Slow,Slow Inc,0987654321,Clean outs,Open
5,2026-06-12 11:54:55,Bill Buckley,Buckley Pipeline,9706670032,schedule,In Progress
6,2026-06-12 11:55:30,Smith Smith,Smith CO,1112223333,Spam,Completed
7,2026-06-12 12:06:30,John ABC Plumbing,ABC,0009998888,Plumbing,Open
8,2026-06-12 12:06:57,John,XYZ Services,8887776666,Estimate,Open
9,2026-06-12 12:07:27,Mike P,Plumbing Co,5556667777,sales,In Progress
